Model,Accuracy,Precision,Recall,F1 score,Training Time,Prediction Time
Random Forest,0.999,0.9984375,0.9968798751950078,0.9976580796252928,0.1831581592559814,0.0282189846038818
Decision Tree,0.998,0.9899159663865548,1.0,0.9949324324324323,0.0114319324493408,0.0010240077972412
Gradient Boosting,0.9953333333333332,0.9805825242718448,0.9967105263157896,0.9885807504078304,0.7340788841247559,0.0059382915496826
