Model,Accuracy,Precision,Recall,F1 score,Training Time
Random Forest,0.9993333333333332,0.9968203497615262,1.0,0.998407643312102,0.164194107055664
Decision Tree,0.998,0.9949832775919732,0.9949832775919732,0.9949832775919732,0.0082521438598632
Gradient Boosting,0.997,0.9897084048027444,0.9948275862068966,0.9922613929492692,0.4063949584960937
