Model,Accuracy,Precision,Recall,Training Time,F1 score
Gradient Boosting,0.998333,0.996689,0.995041,0.704462,0.995864
Decision Tree,0.9963333333333332,0.988835725677831,0.9935897435897436,0.0113899707794189,0.991207034372502
Random Forest,0.998,0.9934959349593496,0.99673735725938,0.1495068073272705,0.995114006514658
