Model,Accuracy,Precision,Recall,Training Time,F1 score
Gradient Boosting,0.998333,0.996689,0.995041,0.704462,0.995864
Random Forest,0.998,0.9919224555735056,0.9983739837398374,0.1477518081665039,0.9951377633711508
Decision Tree,0.9966666666666668,0.9896551724137932,0.9930795847750864,0.0093340873718261,0.9913644214162348
