Model,Accuracy,Precision,Recall,Training Time
Random Forest,0.9986666666666668,0.9933110367892976,1.0,0.159419298171997
Decision Tree,0.998,0.9983498349834984,0.9918032786885246,0.008754253387451172
Gradient Boosting,0.998333,0.995327,0.99688,0.458717
