Model,Accuracy,Precision,Recall,F1 score,Training Time,Prediction Time
Random Forest,0.999,0.99672131147541,0.9983579638752051,0.9975389663658736,0.1578922271728515,0.0151691436767578
Gradient Boosting,0.9973333333333332,0.9920508744038156,0.9952153110047848,0.9936305732484076,0.7461349964141846,0.0070269107818603
Decision Tree,0.9966666666666668,0.988313856427379,0.9949579831932772,0.9916247906197656,0.0140738487243652,0.0012881755828857
