Model,Accuracy,Precision,Recall,Training Time
[model_name],0.9983333333333333,0.9953271028037384,0.9968798751950078,0.20073771476745605
