Model,Accuracy,Precision,Recall,Training Time,F1 score
Decision Tree,0.9963333333333333,0.988835725677831,0.9935897435897436,0.011389970779418945,0.9912070343725019
