Model,Accuracy,Precision,Recall,Training Time,F1 score
Decision Tree,0.998,0.9949832775919732,0.9949832775919732,0.008252143859863281,0.9949832775919732
