Model,Accuracy,Precision,Recall,Training Time,F1 score
Decision Tree,0.9966666666666667,0.9896551724137931,0.9930795847750865,0.009334087371826172,0.9913644214162349
