Model,Accuracy,Precision,Recall,F1 score,Training Time,Prediction Time
Decision Tree,0.9966666666666667,0.988313856427379,0.9949579831932773,0.9916247906197655,0.014073848724365234,0.0012881755828857422
