Model,Accuracy,Precision,Recall,F1 score,Training Time,Prediction Time
Decision Tree,0.998,0.9899159663865547,1.0,0.9949324324324325,0.01143193244934082,0.001024007797241211
