Model,Accuracy,Precision,Recall,F1 score,Training Time,Prediction Time
Gradient Boosting,0.9973333333333333,0.9920508744038156,0.9952153110047847,0.9936305732484076,0.7461349964141846,0.0070269107818603516
