Model,Accuracy,Precision,Recall,F1 score,Training Time,Prediction Time
Gradient Boosting,0.9953333333333333,0.9805825242718447,0.9967105263157895,0.9885807504078303,0.7340788841247559,0.005938291549682617
