Model,Accuracy,Precision,Recall,F1 score,Training Time
Gradient Boosting,0.997,0.9897084048027445,0.9948275862068966,0.9922613929492692,0.40639495849609375
