Model,Accuracy,Precision,Recall,Training Time,F1 score
Random Forest,0.998,0.9934959349593496,0.9967373572593801,0.1495068073272705,0.995114006514658
