Model,Accuracy,Precision,Recall,F1 score,Training Time,Prediction Time
Random Forest,0.999,0.9984375,0.9968798751950078,0.9976580796252927,0.18315815925598145,0.028218984603881836
