Model,Accuracy,Precision,Recall,F1 score,Training Time
Random Forest,0.9993333333333333,0.9968203497615262,1.0,0.9984076433121019,0.16419410705566406
