Model,Accuracy,Precision,Recall,F1 score,Training Time,Prediction Time
Random Forest,0.999,0.9967213114754099,0.9983579638752053,0.9975389663658737,0.15789222717285156,0.015169143676757812
