Model,Accuracy,Precision,Recall,F1 score,Training Time
Random Forest,0.998,0.9919224555735057,0.9983739837398374,0.9951377633711507,0.1477518081665039
