Model,Accuracy,Precision,Recall,Training Time
Random Forest,0.9993333333333333,0.9983108108108109,0.9983108108108109,0.0982508659362793
