Model,Accuracy,Precision,Recall,Training Time
Random Forest,0.9986666666666667,0.9933110367892977,1.0,0.15941929817199707
